{
  "version": "1.0",
  "resources": [
    {
      "resource": "queue",
      "metadata": {
        "name": {
          "defaultValue": "in_Config(\"OrchestratorQueueName\").ToString",
          "isExpression": false
        },
        "folderPath": {
          "isExpression": true
        }
      }
    },
    {
      "resource": "asset",
      "metadata": {
        "name": {
          "defaultValue": "row(\"Asset\").ToString",
          "isExpression": false
        },
        "folderPath": {
          "defaultValue": "row(\"OrchestratorAssetFolder\").ToString",
          "isExpression": false
        }
      }
    },
    {
      "resource": "queue",
      "metadata": {
        "folderPath": {
          "defaultValue": "in_Config(\"OrchestratorQueueFolder\").ToString",
          "isExpression": false
        }
      }
    },
    {
      "resource": "asset",
      "metadata": {
        "name": {
          "defaultValue": "in_Config(\"MGM-OPRS_OperaCredentials\").ToString",
          "isExpression": false
        },
        "folderPath": {
          "isExpression": true
        }
      }
    },
    {
      "resource": "asset",
      "metadata": {
        "name": {
          "defaultValue": "MGM-OPRS-OperaCredentials",
          "isExpression": false
        },
        "folderPath": {
          "isExpression": true
        }
      }
    },
    {
      "resource": "asset",
      "metadata": {
        "name": {
          "defaultValue": "MGM-OPRS-OperaCredentials",
          "isExpression": false
        },
        "folderPath": {
          "isExpression": true
        }
      }
    }
  ]
}